Date,MoCap csv name,Individual,Block Number,Trial Number,Grade,Pre Avg Speed,Post Avg Speed,Avg Body Angle Spread Ahead1,Avg Body Angle Spread Ahead2,Avg Body Angle Spread Ahead3,Avg Body Angle Spread Behind1,Avg Body Angle Spread Behind2,Avg Body Angle Spread Behind3,Avg Body Angle Spread FA,Pre Avg Body Angle Ahead1 (deg),Pre Avg Body Angle Ahead2 (deg),Pre Avg Body Angle Ahead3 (deg),Pre Avg Body Angle Behind1 (deg),Pre Avg Body Angle Behind2 (deg),Pre Avg Body Angle Behind3 (deg),Pre Avg Body Angle FA (deg),Post Avg Body Angle Ahead1 (deg),Post Avg Body Angle Ahead2 (deg),Post Avg Body Angle Ahead3 (deg),Post Avg Body Angle Behind1 (deg),Post Avg Body Angle Behind2 (deg),Post Avg Body Angle Behind3 (deg),Post Avg Body Angle FA (deg),Pre Area FA,Pre Area Ahead1,Pre Area Ahead2,Pre Area Ahead3,Pre Area Behind1,Pre Area Behind2,Pre Area Behind3,Post Area FA,Post Area Ahead1,Post Area Ahead2,Post Area Ahead3,Post Area Behind1,Post Area Behind2,Post Area Behind3
2024-12-05,2024-12-05_12-00_block2_snake02_trial02,2,2,2,A,406.8450865464423,279.4717321167222,55.784485399263666,19.76905881502991,27.510786890139915,29.242893879384944,26.39120790865732,nan,41.36468487241747,40.95434811244903,-4.18,21.699666253047038,37.92119252006909,2.5267297716270782,nan,-51.23,46.97677522615536,0.6919953500097952,33.57184734624013,nan,nan,nan,-62.89,11517.759250471125,10790.018754619887,9427.391321469095,9138.891976642719,6291.961198038205,6565.931076231825,299.82530921062977,14327.25389808745,16332.668560798886,7826.45,11598.767575355409,0.00,0.00,0.00
2024-12-05,2024-12-05_12-03_block2_snake02_trial05,2,2,5,A,367.8869313541393,286.2614763637432,42.56389834515056,19.135245814580394,6.767456657592013,22.795649828201462,13.876809307239443,nan,39.585016024834516,40.77127633606424,45.36650844554483,45.922857536280276,-26.10,24.49911579574977,nan,-51.03,49.38805677773279,44.43257961162473,47.71380018714102,nan,nan,nan,-41.14,15573.843708494922,12128.958231439497,11364.597511140353,3530.5619220298445,8929.971174696226,2138.3159529409822,54.54379119316444,34044.176937835844,8243.337593804055,18079.390514560764,9889.578676120107,3714.103103614151,0.00,0.00
2024-12-05,2024-12-05_13-34_block5_snake02_trial03,2,5,3,A,329.8313039226083,196.02290321686772,30.491521054946386,18.14086215262286,24.15700644133889,58.113331197550046,139.14688849035906,nan,34.16571237350512,9.450714477929319,-2.56,31.404381538224715,-1.09,-11.93,nan,-49.12,12.805227755228076,-4.85,23.62352722643169,-31.75,nan,nan,-55.75,11105.486521124367,5997.671437686549,5281.209911819204,3152.2330359310295,15577.508386325868,8051.590009933997,0.00,33084.28561979174,6202.02,6185.580833834988,8855.298195413012,12960.92431336375,0.00,0.00
2024-12-05,2024-12-05_13-35_block5_snake02_trial04,2,5,4,A,332.54261977535316,360.9456010595838,30.69213404082096,nan,nan,23.304366365598934,107.33834723397204,15.874263020938747,61.535963385258796,-23.68,nan,nan,-23.60,28.016803888055094,62.669545807990346,31.942622409646344,-27.88,nan,nan,-32.38,22.679433671072744,57.519169020518426,54.03303741331493,19715.028320337213,8271.514046291333,0.00,0.00,3205.458318009368,36092.07235076604,18341.577967491034,14663.789246311793,6826.0435646730975,4418.944015729105,845.3046435837397,5979.864990474717,9922.966672082604,5223.6359460377835
2024-12-05,2024-12-05_13-50_block6_snake11_trial05,11,6,5,A,196.37423540597004,133.51630774887698,28.576305570170277,11.587537391045117,nan,11.36832948351186,19.776434034333693,34.349354707747025,12.160418475965125,22.713647604921245,-18.11,nan,-45.20,58.76763665649591,-35.73,-24.02,33.87543045669664,-14.21,nan,-46.29,59.29288029506458,-48.95,-26.05,8746.525092686677,4053.714015761275,970.0004612541917,0.00,4283.040615858533,4248.656082932104,5591.092552890227,6788.033871911503,3940.412192785967,2012.21,289.11383633686637,7577.472789361064,3102.2116034096607,3176.2279615057782
2024-12-05,2024-12-05_13-59_block7_snake02_trial04,2,7,4,A,389.6196907978728,475.86631435038476,28.266561857588524,6.716583374378821,nan,32.15878923769172,27.971376199959447,34.23468457854591,54.21858059700398,30.329086776499583,6.194679438740096,nan,47.962456476882096,-43.92,-6.60,-40.49,37.714958167928366,6.126031146149547,nan,55.62151762881629,-54.42,nan,-55.18,13851.359430536166,9967.953411805529,775.6938565339705,0.00,7603.2626849996295,11017.02647997233,6707.837061393414,23595.759650769127,13927.98,9744.465351088333,11342.482706835011,12681.538498406006,2128.051435377864,0.00
2024-12-05,2024-12-05_14-12_block7_snake02_trial06,2,7,6,B,609.8053920834095,400.13096981685555,27.83809838250089,12.384407032428916,nan,36.86689487126624,99.24068344786949,17.291302931300024,55.400967217793514,25.32,15.784959774324077,nan,36.616641089340355,-58.07,-9.03,-34.43,33.866965321499734,11.708122913587836,nan,36.544531011175096,nan,nan,-55.50,15655.304646433195,19070.17016616131,3621.544455958185,186.50777265068393,4495.242082609825,17076.017871267723,3569.738406964592,30206.582080741595,17418.061592114696,10139.163693069959,9832.591425175613,3078.3290763653968,0.00,0.00
2024-12-05,2024-12-05_14-15_block8_snake11_trial01,11,8,1,A,239.5904256565105,200.60959461421004,28.016730218019244,16.61398459910775,28.60599921768585,27.62453190466574,2.7131647769699647,nan,47.17352152900793,-18.74,61.65346274339336,-23.35,-31.29,-22.14,nan,38.28765831434171,-14.55,65.10402974389156,-27.85,-15.57,nan,nan,10.019573180644278,8058.711909007267,5095.275476919762,5948.882465688012,3225.5181696587097,5163.049816228707,772.15,0.00,4712.774156340618,2493.5913640060653,5842.815468615393,2595.1534895201544,1731.9529526985252,0.00,0.00
2024-12-05,2024-12-05_14-17_block8_snake11_trial03,11,8,3,A,362.8493197297925,336.9935277201582,21.46642225547457,25.299387856639584,38.427841694215175,21.332804164788097,27.228865908185725,9.540819778437735,19.27782150778241,-5.00,1.1005860342177578,-45.74,-31.51,-36.90,44.610805697740325,56.24736874068973,-3.34,10.046162282053523,-57.03,-42.11,nan,nan,55.45711157594804,4055.4034602051556,5286.911663485375,2595.1629764943677,8981.034625831377,2866.311707366468,7595.827482710235,2582.345095456105,19944.604408582127,8329.384699691116,13452.195593348739,10986.581996321996,7345.4077523457245,76.72320025291519,0.00
2024-12-10,2024-12-10_11-56_block3_snake11_trial04,11,3,4,B,182.2660207429941,245.55359304782226,21.34253924390576,12.90,90.73004038757055,17.51954728604611,nan,nan,30.22086473091034,35.565833961197534,39.75281298173916,-52.94,41.244526095331544,nan,nan,-40.58,44.418286026461686,45.220394942208614,-55.81,nan,nan,nan,-55.83,6586.769278272643,6608.641616849843,2088.2319960230693,4975.083954688405,2996.7443557471056,0.00,0.00,3212.216225794428,5560.072916914179,2260.255145988761,4816.412516701601,0.00,0.00,0.00
2024-12-10,2024-12-10_11-57_block3_snake11_trial05,11,3,5,A,95.64924895175962,54.56082149415762,10.068802188306059,11.011255918365492,nan,10.598030624112234,8.883268278584872,7.904431956836563,40.10730289817722,-5.15,-36.57,nan,19.103333075489207,32.29069862016081,50.80384435930595,-51.06,-5.69,-31.85,nan,18.539417174876316,35.236620108815224,50.02470341679266,-52.11,2912.9264093056668,1951.1625302984526,2966.2850057284527,0.00,1716.3079930449394,971.5849088691714,1580.4954482318362,12633.072334129052,3576.245090415088,1071.7501154200147,0.00,2839.2453909123938,642.6166575844996,1191.6820983655134
2024-12-10,2024-12-10_11-58_block3_snake11_trial06,11,3,6,A,147.18162045070667,142.67718289285597,27.716506354765126,20.009202318262382,nan,22.507362549026926,17.538874829705517,19.71269746098778,19.671526204142854,-50.35,9.106834931048695,nan,-9.88,-51.31,38.94917708221635,33.361933802976836,-55.00,15.889264352199481,nan,-9.79,-49.49,43.74095997207616,40.16999384726153,2940.3505646613085,4892.81,3128.945415025872,0.00,1526.2367759220544,7157.982480929779,2638.2726711929795,8465.88,5059.966985425853,4468.240706603025,111.63272165763365,3803.6416954250403,2011.3352876526847,1830.3309740807267
2024-12-10,2024-12-10_12-03_block4_snake02_trial03,2,4,3,A,242.59123234522403,236.11986680232198,15.414253204797713,nan,nan,15.23354734125211,15.992143393618262,23.777038311197302,19.214507209821832,7.509110774892192,nan,nan,14.71909207127481,-57.42,52.431341040272436,10.84,3.9387632605776353,nan,nan,16.24811937073573,-53.17,45.09839353911044,10.401680006035233,2504.4184650796556,1700.4610981397352,80.96845022132733,0.00,6286.1781197408345,5847.957215844071,6073.163386317485,7971.458666066979,8553.352004719882,5856.402000663352,607.5397984244618,8787.258689406108,7256.7541366538435,3513.7077344416934
2024-12-10,2024-12-10_12-04_block4_snake02_trial04,2,4,4,B,166.8718754742279,124.07000960826826,49.904286676067954,nan,nan,17.26458681500843,20.508484760003395,23.25648689100338,21.250230233399634,-35.24,nan,nan,-30.17,-13.37,-7.66,40.32929418523308,-56.15,nan,nan,-34.57,-18.05,-16.48,50.80545292973952,4044.0389124641692,9081.347748072465,1971.81,0.00,5068.508825485332,3935.8006787366103,7863.454752332814,10214.571779867081,2987.257253310397,2909.1424521857834,0.00,3781.5448774642186,1691.7548919849141,1074.6239255849096
2024-12-11,2024-12-11_11-46_block1_snake14_trial02,14,1,2,B,497.50325060393953,569.7213397619714,51.28306208794609,45.98676368485441,12.475905900281218,59.956045365611935,21.930550784504952,48.39596138520991,52.561336697475774,20.520522335364856,-10.65,41.77090606129704,-43.22,-31.70,39.95033124258242,46.951005151282246,-3.05,-18.77,48.766308659828304,nan,nan,nan,62.672947406759555,20161.660927760655,9332.558876187813,10218.662115439072,1351.4052566768864,21573.84777026045,15687.57407833722,6073.685688164654,28113.653696697063,6005.176829197012,4711.492847501175,12685.258880053647,1071.537854418157,0.00,0.00
2024-12-11,2024-12-11_11-46_block1_snake14_trial05,14,1,5,A,258.94514228107494,284.4107770915136,17.705281824616076,6.379936827990451,nan,16.325488872954022,112.97398954986991,nan,20.55,-32.11,5.971202916601614,nan,-42.28,38.53349706257855,nan,47.283568946623866,-31.56,8.364937246829308,nan,-41.59,50.40971814138847,nan,42.52172443208638,5461.931134095127,5956.204607343687,644.19,0.00,4805.063713576682,16895.821613704622,8916.810110613518,14530.859710712968,4726.087927196754,6109.485209523378,5418.941888826813,20984.652240063755,3242.23,0.00
2024-12-11,2024-12-11_11-46_block1_snake14_trial07,14,1,7,A,507.3566985731941,277.11,20.40700776789495,17.596742951650768,nan,32.07112420542784,123.99729172251561,24.78218949258319,31.020607123643273,7.2097553777572125,1.021368344601119,nan,-31.46,29.44142739548635,-25.45,-0.87,17.143866746260393,-3.87,nan,-22.57,nan,nan,-15.18,3853.4784985207207,2650.1797647856592,1528.2937788957722,23.102347096472513,13591.422107514025,12312.637791224402,4157.510929708744,4448.216530890421,8062.975352169101,6980.581206691094,4079.607382384956,14825.839794502925,5342.86,0.00
2024-12-11,2024-12-11_12-05_block2_snake06_trial04,6,2,4,A,56.923678091078116,67.78968261790104,2.8994156003948026,11.135586590478647,47.35383103330963,3.050306085165358,3.771656609448582,nan,84.47636768086247,-23.39,-52.36,-3.11,-8.02,-39.29,nan,29.557506494882205,-23.16,-49.44,14.459869423189085,-8.61,nan,nan,20.506501168031054,601.93,567.4333024200497,4432.105080696899,7951.682584172921,1056.7316037584926,257.74650030124803,0.00,1448.7902128741632,964.9769015223472,2485.3115559253984,3212.6198088836627,588.8335028579139,21.158239690848845,0.00
2024-12-11,2024-12-11_12-10_block3_snake04_trial01,4,3,1,A,243.3450036552261,229.07772360131736,53.974388446757814,nan,nan,13.587283086425122,11.279503936850917,137.81615059514158,35.289453956847446,43.226041447753595,nan,nan,7.4615661177292845,19.759906805271754,-31.50,-32.53,67.36816762340692,nan,nan,12.535754623130686,22.528690692486734,-57.14,-44.23,6741.53,17653.04536281142,4434.476033045678,0.00,5055.792746232787,1442.9182935291747,6289.483289225505,10050.344408269382,7666.468268219758,9429.616865989674,0.00,5974.5193874510605,3481.446487471577,1196.8564269493654
2024-12-11,2024-12-11_12-22_block3_snake04_trial06,4,3,6,A,205.02075812108066,113.34955896504022,50.46971027803759,nan,nan,23.41123775743963,19.81884213761983,13.580410778951368,18.562083000609366,25.84988953564163,nan,nan,-41.04,33.39951046207149,-29.36,41.027604367366365,22.729650300560035,nan,nan,-42.36,33.85938281234893,-29.93,36.42115035499724,3176.473507762452,2763.795176877202,0.00,0.00,4384.939547876251,3832.194763338969,4817.375835784425,3602.965879247369,8642.679079243473,0.00,0.00,2050.8234527313234,2918.340499597594,1139.1510222888319
2024-12-11,2024-12-11_14-11_block6_snake04_trial05,4,6,5,A,264.6376148134321,379.86840764517217,11.591233059661032,nan,nan,14.305705917793915,12.33069495464343,17.451089814858037,37.61132101549204,13.125003253551524,nan,nan,60.65042454540014,-48.22,15.164025827645004,-8.66,15.46076818293845,nan,nan,63.40580020201339,-51.07,13.19762293092573,-21.35,3688.167021845442,2715.4375812106787,0.00,0.00,3989.987396115883,2419.436724414177,1937.9519401558607,7578.256006533456,6467.921712979959,7101.665879134808,3949.001516188169,7292.504662151072,3237.6719397332586,2380.927624442965
2024-12-11,2024-12-11_14-16_block6_snake04_trial07,4,6,7,B,331.4717721800108,297.7825820405866,23.95264247765537,nan,nan,45.60446878495921,31.408992946717945,28.83085265497965,94.01736228785894,26.595311306859045,nan,nan,16.36092717476592,-42.07,-0.71,-35.73,37.35047550364186,nan,nan,32.87479214446352,-63.38,nan,-45.21,9181.678081745085,3869.4279302369046,0.00,0.00,8618.030112713335,11593.732164503652,5478.018065223701,11336.984826559348,10286.312674716912,3594.855412555719,251.33359878661034,5257.823152642192,8855.058899539701,0.00
2024-12-11,2024-12-11_14-20_block6_snake04_trial09,4,6,9,B,399.9945533080464,188.01,18.711136287083924,nan,nan,19.50549500927606,16.126849832947684,15.146173964110233,128.36440165288255,18.19812714189742,nan,nan,33.262566055925646,-14.34,-23.56,-35.25,22.215246165237296,nan,nan,41.85387751860812,-20.02,nan,-52.93,11115.418018396469,1195.4994986741572,64.84300299247013,0.00,3321.7223754884726,3057.3184248233215,1994.6693392698694,20662.348886518346,3994.655753440803,4668.05,5.480008432944871,3947.3109851428367,729.1525055312436,0.00
2024-12-11,2024-12-11_14-25_block7_snake14_trial02,14,7,2,B,681.9694003031332,291.8571449390175,20.359412912429168,14.265711789774848,5.603525531417213,37.422770569845454,105.48474859939195,11.067660236678766,85.69715849563774,23.821857189648103,-28.13,-7.87,4.688277118442969,1.5702272630503442,40.97168333116091,-48.29,27.53385099861843,-34.04,-3.89,nan,nan,nan,-31.69,12068.21150328345,2752.417237962312,4830.212954104711,1507.613523984418,6839.2149328406595,26694.593028576248,2095.187901808422,7146.300441768405,5903.38,9068.328325634051,8026.826169199703,155.42993680178708,0.00,0.00
2024-12-11,2024-12-11_14-27_block7_snake14_trial03,14,7,3,B,404.16971259395814,308.27315888062475,11.167973294014462,nan,nan,51.84448039100949,22.765311165936378,22.59994012416224,22.936565265296604,10.669323029428346,nan,nan,-51.89,16.24313634426412,-14.94,2.042085817870651,14.179730131596546,nan,nan,-56.41,24.316159373545545,-13.79,7.135826240419255,2028.1474450873054,3147.422822400288,0.9062033378235743,0.00,8045.03,3479.602066518216,10356.300007658598,11296.820375664134,4975.038610424941,4556.183332933169,2535.994273344698,11052.383650487687,4724.831263846054,1518.407294010573
2024-12-12,2024-12-12_12-56_block1_snake13_trial01,13,1,1,A,43.47162517707604,19.34303742537987,5.555812416319484,nan,nan,22.624028178051212,5.582485566927887,14.45686528747537,6.7703450868437365,-10.80,nan,nan,-52.98,28.609826915262097,-11.09,30.604950889812432,-10.36,nan,nan,-53.00,27.911919274327456,-4.50,29.59678982782207,694.16,374.08295469668934,1.5824831792070349,0.00,572.3832238023584,368.8495937544509,412.4149558787221,1697.9033891228548,647.1386881220865,321.12573814863526,0.00,516.5606407598978,122.81806203899146,123.66003532948993
2024-12-12,2024-12-12_13-00_block1_snake13_trial02,13,1,2,A,59.04504810675857,37.62010888267688,11.886473778251695,15.332015972287316,nan,11.058801989413686,nan,nan,7.040692241799723,-19.28,21.442517955261454,nan,-22.53,nan,nan,20.801642547907964,-23.86,21.206700407142705,nan,-23.64,nan,nan,21.181117527415935,458.6916588397178,938.4104267637508,1730.4285228632116,26.34396029956342,765.6214295000619,196.95480242730576,0.00,2971.3173764881317,1581.7631033853868,5528.578800029073,464.49981506167626,759.9169354844953,31.41835241505448,0.00
2024-12-12,2024-12-12_13-01_block1_snake13_trial03,13,1,3,A,246.83277733991517,129.2200183820348,29.589422173648757,25.507150374763885,nan,18.57683724576431,21.86158788899702,25.844245665091137,18.49712439705906,26.50049556130174,2.9482270008974547,nan,-7.72,52.03067802282788,-14.80,-31.69,34.18819328268046,-8.10,nan,-0.92,44.27150849091733,nan,-33.87,1844.8047669948096,4693.982332725446,1279.0886229104933,0.00,3252.2195764972485,6501.83,3112.197201122291,9931.924954054495,3977.187810165761,6905.881626037395,0.00,6316.886327979097,984.7767535214499,0.00
2024-12-12,2024-12-12_13-03_block1_snake13_trial04,13,1,4,A,333.61265139836524,306.2413169743032,30.396571186931496,30.36457646830405,nan,16.019475956807188,25.98791770340969,nan,37.13401847412425,-43.77,19.668597334619626,nan,43.33,-4.21,nan,-12.55,-49.96,35.43108405560319,nan,39.57974428807001,nan,nan,6.563105109180018,4478.46,4966.658128766695,3683.689292456237,36.42802110230064,3475.5614113800034,3628.781058960152,179.4631804013378,6373.900212961234,2766.7308106878895,3463.941817921696,2511.3300489238054,433.9434326086705,0.00,0.00
2024-12-12,2024-12-12_13-05_block1_snake13_trial05,13,1,5,A,165.32720268073345,189.98519763127078,12.579045319260473,85.91239429138652,25.420389578952292,24.504608803271875,0.00,nan,13.12,4.283604972268525,-33.80,22.93286352576567,-9.05,-43.99,nan,41.56679760524856,3.9939181909845565,-35.52,31.471734194844814,-5.69,nan,nan,40.05009090453838,2096.483850382377,2111.6285661061233,4531.985458398049,2854.2853226137076,2669.255078610408,1152.303715679735,0.00,2116.215036260904,1289.932522166482,1451.2631147676589,3112.5650795772276,374.94181521705195,0.00,0.00
2024-12-12,2024-12-12_13-15_block1_snake13_trial07,13,1,7,A,128.78469397128464,199.20040003317678,24.153220718463576,13.960343623357085,31.952932156982488,11.316535119612071,nan,nan,13.184967810620545,25.01675853231151,38.02723640409477,-3.85,15.088487556799832,nan,nan,-34.78,17.280882340909333,33.32694875557084,-28.23,12.16517224298361,nan,nan,-30.44,1815.0778902253574,2283.0115455341693,3389.9741295653184,2252.627144702475,895.6783295327205,40.375958863784774,0.00,4895.619470619914,1862.9805553837286,2278.6119720495867,3029.6917143160085,779.9069861572816,0.00,0.00
2024-12-12,2024-12-12_13-16_block1_snake13_trial09,13,1,9,A,189.58,78.30853258884098,26.37690628385523,25.59248822743517,nan,19.03139311487292,10.521966572605827,9.953378893320146,19.544898985591775,-12.08,42.30360378045628,nan,-30.71,16.890161958574947,-1.65,24.456439489896077,-10.75,55.460935457513614,nan,-29.50,22.68167276361932,nan,25.20497719823213,1754.1504249790369,3070.631521408543,5239.891035590937,0.00,3034.0097479714495,2879.4774817044918,436.4042989066365,7463.403981225138,1653.8564784410833,4550.990310106875,307.21166192736416,2059.726283076352,495.13644560062676,0.00
2024-12-12,2024-12-12_13-39_block2_snake10_trial05,10,2,5,A,156.16030953336528,68.80470748662088,18.339924190440538,21.098577774558066,nan,10.619584049381395,20.348660384916215,nan,63.156354411331144,12.51508884692587,-53.48,nan,38.35353983542119,-6.35,nan,-27.52,8.659146676014082,-53.96,nan,40.304060465843925,3.378806253842618,nan,-32.68,3323.948659311084,1927.7881062370916,2939.9323568176496,98.62081604439787,1408.9478530880983,2046.8964466957236,133.1872229048997,4166.622144457283,929.8199655779628,1800.9074052591925,1093.8034788702419,2471.2329734516366,741.7120545866449,0.00
2024-12-12,2024-12-12_13-46_block2_snake10_trial07,10,2,7,A,77.88,38.40344408481307,10.609919287414531,10.905916919095716,nan,12.513353638841112,2.777487622168929,5.14,5.438160428320763,54.17977413325595,33.892722664997535,nan,15.028373121985918,-16.39,-22.96,-48.95,53.32749636077471,29.460930036034327,nan,17.807287291528155,-17.30,nan,-48.30,686.6698514797712,1245.3332876653562,1705.2007461669916,943.5467634663166,840.5356652942834,327.12999484563466,552.39,2057.3620198713998,1500.285959262448,1317.3859355003287,2396.6006308728993,730.2870262920268,325.4306943705305,3.2457469249146995
2024-12-12,2024-12-12_14-12_block3_snake01_trial07,1,3,7,A,134.57,82.56439614654461,44.51415909768747,nan,nan,10.895749653124536,14.100184454119157,36.24,18.391643207207622,-8.68,nan,nan,-46.72,7.689228761158566,-60.54,25.60407309137317,-16.10,nan,nan,-46.21,1.3899279012353694,-57.07,22.015404510037172,1975.5520177666772,3124.7957625431386,67.07,0.00,1285.5279824517256,1309.2909747822193,1679.3269606615713,7493.194724181034,3286.4660312278393,2477.295235738728,0.00,1686.9647066072926,1053.6758400265087,1396.6564947872648
2024-12-12,2024-12-12_14-13_block3_snake01_trial08,1,3,8,A,55.96300357448827,35.069449500962016,21.950812736584012,nan,nan,4.1175128132719765,13.002894925493138,45.57465793986917,15.24,-40.90,nan,nan,-10.07,36.121706619352864,20.78161881091508,34.96957392098401,-29.26,nan,nan,-12.62,38.29956043853858,32.85625488862497,37.78123924169458,2439.9135775714794,4361.331592493382,1208.632889720446,0.00,2278.3399247296675,1402.9851284277097,1560.5769261871706,1435.2556173076605,2173.18,2368.072944046371,0.00,1251.4930588547147,2017.3919507742762,1998.9720361822094
2024-12-12,2024-12-12_15-09_block4_snake13_trial01,13,4,1,B,310.23972656880966,253.33660495049833,73.23102614747937,nan,nan,36.671921599096585,24.250317197376862,17.96266940125831,45.296634424597144,46.63919834387041,nan,nan,-7.23,14.012807841950194,-55.60,2.209672109380098,43.24121597587028,nan,nan,8.26,9.989521846805012,-66.29,-13.39,5837.17,4661.20,0.00,0.00,5213.06,2664.703862410812,5857.745360500762,7955.048544640458,12306.640527085763,0.00,0.00,5560.564951304958,2146.6278940418124,504.65140728790317
2024-12-12,2024-12-12_15-10_block4_snake13_trial02,13,4,2,A,277.8546430529189,434.17973972416814,34.66459906620779,nan,nan,23.96150072555214,27.15794987701913,39.350386222893356,63.073805794355394,0.4877047536942674,nan,nan,-30.64,18.94154791452603,35.418511530187914,-52.77,24.961439130004724,nan,nan,-33.77,23.11055894997607,0.8910102621478835,-54.65,9858.988011436983,5324.539571668491,0.00,0.00,5418.940362432577,2925.265479975803,3600.401844489475,18391.356030811872,11521.661096563406,4536.25,1580.7466926622449,3866.634119947059,994.52,542.0459689101365
2024-12-12,2024-12-12_15-11_block4_snake13_trial03,13,4,3,A,476.35651531493687,285.50904027550797,12.58546758084594,nan,nan,29.45577270373702,57.78,49.60,32.091812266846304,2.057402137872432,nan,nan,34.62009874662258,4.903441255434651,-26.36,-21.32,0.42660905286019857,nan,nan,34.59079311870223,-14.35,-8.21,-17.22,3131.6308495238513,1221.4811915808027,14.021560132398395,0.00,4701.64,7217.111531953505,8803.891071449958,13572.301377088927,4022.6026587314286,8784.104157401953,2182.7605819785276,5955.576645777366,8172.000073128086,1549.81
2024-12-12,2024-12-12_15-12_block4_snake13_trial04,13,4,4,B,170.2788763536777,177.03716725815275,92.09872751843056,nan,nan,11.248561402428608,116.15293503514866,16.91715784672603,32.23244018465005,-40.60,nan,nan,-35.13,6.618140011447231,-7.15,22.52663642015782,-54.93,nan,nan,-33.10,1.3229080870596726,nan,3.586097047975566,4006.997546994841,7110.966286184368,0.00,0.00,6624.068977271126,8819.459435649629,3334.4175109816983,5193.39,9347.019325506893,4347.894983899867,0.00,2245.355825573371,6089.965659748845,0.00
2024-12-12,2024-12-12_15-16_block4_snake13_trial05,13,4,5,A,305.24370816707835,197.91098416161756,73.97,48.49468175486894,22.591038623401396,15.276928284590017,20.240769429452556,2.5614920167271222,16.47502802970676,-43.75,13.233580402036555,-6.30,44.67318536043935,-19.19,-32.88,9.42,-53.58,26.140668455933433,-9.72,39.96,nan,nan,12.475252189834729,4562.146527683844,9076.440272021082,6239.605649258364,2849.755577663658,2527.1433818200353,1785.3719711811675,294.8236946194924,2605.004808622575,2042.8170346528034,1981.6091356245315,5602.9344604763955,1448.3156035215177,0.00,0.00
2024-12-12,2024-12-12_15-18_block4_snake13_trial07,13,4,7,B,344.7804418627138,333.16026794852377,26.456899929489857,43.93066257586065,10.135267163851799,40.65492901661869,7.877263534097988,nan,37.64225892704519,39.96,-18.54,18.91247022664448,-45.69,15.465547196361948,nan,10.810926151208609,48.290607766402445,-28.68,16.00786477228095,-45.13,nan,nan,-7.56,7424.780245445372,4729.9522341675265,4083.8461206784577,3399.4612043652623,7545.582630932466,2802.934395949595,228.0165381446781,11389.24530298192,11117.448637742555,2999.835851421529,7325.815585234258,1187.6166049670633,0.00,0.00
2024-12-12,2024-12-12_15-25_block5_snake10_trial01,10,5,1,B,152.23213882763318,181.4185831014667,46.55567694518039,nan,nan,86.06834145504953,7.302726930864209,7.202034127883891,18.913419614155146,1.1187123562004173,nan,nan,-31.87,21.273404973197845,14.977459568540056,41.95135919090766,-4.85,nan,nan,-49.96,23.62785698105083,30.67542147926416,42.539171695135074,4381.0704702774365,3730.86,0.00,0.00,5986.734005134577,3314.7247727209206,861.50,8515.954783731337,2707.837816364967,2162.968684923768,0.00,3061.1237334177335,1463.6973987303606,197.31755821688333
2024-12-12,2024-12-12_15-26_block5_snake10_trial03,10,5,3,A,138.5484516302714,131.49513830708474,16.237154353138685,27.462023401917243,nan,77.08628782081962,0.27281069158440463,nan,18.77041773569421,35.41164967892849,3.1794746353300805,nan,-52.94,14.705487155548415,nan,13.020378614630385,39.91971137407028,-19.46,nan,-12.52,nan,nan,15.283267883698942,1529.0764359573532,2143.4092624358914,1603.7199158463413,0.00,4937.068839975159,330.2418205303337,0.00,3094.3065638652747,2513.9776738866103,3969.7406202237958,1507.48,4738.886259428409,0.00,0.00
2024-12-12,2024-12-12_15-30_block5_snake10_trial04,10,5,4,A,97.74916810725483,63.17136672916912,15.448854991098877,26.46221028325552,0.6234016987305164,5.655263503088666,7.973443378004595,8.38,63.55776879867816,34.56695154224981,-2.96,15.648552607382642,5.885606534911085,9.917078600769475,-43.66,-44.21,37.75951689999736,0.6324739562661572,16.910756364238058,4.859057165053225,7.5845788509081284,nan,-46.31,1803.4800607970103,3033.1985015842456,2035.1632182370015,245.29349558831635,622.8831333443926,869.0453263673395,753.2772672498112,6092.139165503224,1571.390408944771,6168.781566082331,3438.8973782322505,1534.0575930455068,5434.748600508738,234.0397978604533
2024-12-12,2024-12-12_15-31_block5_snake10_trial05,10,5,5,B,191.03138648091218,157.79715594289925,11.438958668826507,nan,nan,66.75887497387559,13.632902982686977,15.547899454142105,34.21564317798126,-16.79,nan,nan,-29.39,42.48812695737602,-2.11,-30.34,-17.81,nan,nan,-14.63,38.66041782718792,5.805864633750228,-26.02,4952.511298894778,678.6947187549998,0.00,0.00,4031.70,3154.9334481282744,3167.8065162898843,4881.552558586539,6148.043922382836,1781.6299112183297,0.00,2634.306310515251,1504.3933398663814,2421.3804965018967
2024-12-12,2024-12-12_15-35_block5_snake10_trial07,10,5,7,A,116.17208993507384,137.17392791328214,22.857225631921338,33.64278220410319,57.702408619441734,14.328862988036498,19.39530004264948,nan,13.94737914322451,2.9280240981926493,15.18685261557928,-14.69,-24.26,19.543497949125086,nan,31.800924037886567,0.7676001177641312,20.80179000323861,-33.13,-20.21,61.76642093083629,nan,32.754074945421124,2139.6591757190017,4476.524697666874,10393.581350001314,3363.404265673019,2030.4638799422216,2008.0213083530978,0.00,5337.9708062693435,1276.7024134963317,2049.3169485517383,2738.9539286327035,2642.52,2521.733820303621,0.00
2024-12-12,2024-12-12_15-37_block5_snake10_trial08,10,5,8,B,147.1781507818062,125.55628294917457,26.642114178302805,nan,nan,73.16041254190696,7.6984449517565805,7.02,22.147802566343998,-12.51,nan,nan,48.00483137897125,-3.90,11.192537834789722,-19.13,-27.95,nan,nan,49.95919483991719,-5.09,7.310219379202227,-22.39,2226.3875541082516,3199.9010319987055,0.00,0.00,4139.656797170802,2284.016597911583,1315.5899220040806,3098.1567180936195,3604.659094991515,573.22,0.00,2384.5766478871365,533.9392701972042,575.8828733780168
2024-12-12,2024-12-12_15-38_block5_snake10_trial09,10,5,9,B,146.2554726370451,98.02459349636938,14.114930280835301,nan,nan,17.92495057379216,8.032844772434025,95.04,85.15179730755398,-42.16,nan,nan,-1.28,-32.49,33.149984686110905,-47.72,-38.68,nan,nan,2.874300142828269,-35.25,54.895423814511275,-38.89,3094.2300491485985,2962.199416544314,0.00,0.00,1265.4420838718108,1224.502927026198,2539.8985667343964,3611.27,8702.706714585665,0.00,0.00,809.39,1082.6645907369732,1201.9735215987469
2024-12-12,2024-12-12_15-43_block6_snake01_trial01,1,6,1,A,90.55754445391656,59.81,7.324694516310877,117.81787839955307,2.441510686979724,23.93045347170362,nan,nan,11.377860291809952,15.741253628469531,4.039992479881669,-26.09,-14.87,nan,nan,35.924792681694065,17.60962613687756,-20.37,-27.20,-10.66,nan,nan,33.060565450031795,1506.7056733693232,1236.7656202343144,3623.0592446378346,635.7310558323984,2242.7705727902007,0.00,0.00,1902.6578751073198,709.5841726069016,2030.0289102164575,758.6406143943948,660.44,0.00,0.00
2024-12-12,2024-12-12_15-47_block6_snake01_trial03,1,6,3,A,66.21,61.23,10.810706502193353,16.487338070189804,nan,10.971503034412624,11.911429597246109,9.433713834986268,5.354541533075267,31.472835336693148,36.39913271776458,nan,12.805846088087119,-13.18,-20.49,-49.44,29.832093319462462,33.569727804235434,nan,13.980450295341345,-15.47,nan,-49.52,1080.2976998491008,1403.3165844613545,1166.7884947086511,0.00,906.7238898907442,1128.3371319320129,1123.167457081775,5310.020180811343,1104.1318519327585,6830.451367096961,0.00,2148.6634146235656,1301.6446923649512,28.355967208889496
2025-01-17,2025-01-17_11-47_block2_snake14_trial01,14,2,1,B,198.05,190.63530463857933,14.62241013242339,nan,nan,21.395383809551166,98.13988040511137,8.482190104006952,11.707136936470025,-47.26,nan,nan,-37.15,17.110985779230298,-36.74,51.36310951838382,-55.20,nan,nan,-44.07,20.217612916490477,nan,51.32385650757395,3247.755946962076,2085.508294315971,21.18774826875037,0.00,3593.5941334557283,5369.092970137851,631.9263668182446,5666.513200970804,3622.494402340976,1829.9671639561277,115.74939220416718,4318.456392422327,2220.8573833449973,0.00
2025-01-17,2025-01-17_11-51_block2_snake14_trial03,14,2,3,B,312.11033037684376,153.01319196197846,5.586934499156961,nan,nan,130.84675313329979,35.891532415846164,8.628516270048909,28.652888056422107,16.823692225951117,nan,nan,-32.13,18.79677466810075,-21.83,10.598768752101192,21.16366903469296,nan,nan,-33.09,nan,nan,21.288263195877246,3197.097482946597,803.4281072867843,0.00,0.00,17466.37575360483,5463.9390688146805,2649.597360123911,7930.00,2780.9676594095927,54.90184280774346,0.00,4039.309493941355,346.85,0.00
2025-01-17,2025-01-17_12-41_block4_snake04_trial02,4,4,2,B,235.72667576243802,100.08317378890045,37.77559500357191,48.10077315334321,nan,134.0543213650923,124.14764694547924,nan,66.93792547618531,39.701422435042666,-19.13,nan,-31.70,-9.54,nan,35.14833318182856,50.59063698223119,-44.17,nan,-53.39,nan,nan,39.37,14169.061570235835,9175.49,9360.39,0.00,13151.799539355688,8009.407181827877,0.00,5353.636962723986,4146.531139956337,4094.14,346.84541340183296,5827.34,0.12664542722152272,0.00
2025-01-17,2025-01-17_12-45_block4_snake04_trial03,4,4,3,A,208.0968264142803,174.46354185340437,19.496727237342505,13.18151907464013,nan,17.15232693681616,111.93678196076995,8.258835974481869,66.64,24.22761847186552,6.422508108792323,nan,22.42668199627929,-26.90,12.943853602230114,-46.30,28.696039880384756,13.312972788786679,nan,19.62217814897474,nan,nan,-50.88,6003.375006161228,6422.403892486524,867.6722192123765,0.00,1334.911259718167,6778.336430528356,996.6338647193888,5650.239477809725,3802.090934183698,6696.21,0.00,1963.3953338031113,6946.391350670134,0.00
2025-01-17,2025-01-17_12-49_block4_snake04_trial04,4,4,4,B,387.43200494043305,254.19453048990223,11.90279630849187,nan,nan,39.083340306633424,94.85752113514668,16.859788910107365,44.48003666175724,-31.41,nan,nan,-38.49,19.517482558613214,-48.14,9.51,-36.19,nan,nan,-27.52,20.27111774797482,-56.95,21.886589114806178,3168.829025654641,2992.6794091565207,0.00,0.00,5553.1637967625265,9328.866436855064,10152.028502276471,9080.788611828748,14179.086867800315,1555.8352325721212,0.00,2610.9522389386993,8332.884307779963,6961.773414202076
2025-01-17,2025-01-17_12-52_block4_snake04_trial05,4,4,5,A,203.99278706943386,181.53122552199477,nan,nan,nan,26.286815814258887,29.852960512963893,38.06486643769725,124.60771433391145,nan,nan,nan,42.46684715965857,-25.51,3.3042317245203017,-29.54,nan,nan,nan,36.61,-33.96,25.57322768137503,-24.95,5273.577089843086,501.6858380769538,0.00,0.00,4146.571232608829,4071.94,4321.115770383285,5834.200685182524,2933.1481578310236,127.82379532663725,0.00,2625.5748855960974,1428.1925574124498,1827.8587448394317
2025-01-17,2025-01-17_12-56_block4_snake04_trial07,4,4,7,B,177.02740521217981,170.97131643032827,58.68297229108118,nan,nan,22.997911501848648,27.05117233509923,46.51789486496427,13.511082065828742,15.388309037098908,nan,nan,-21.41,46.79627179158084,-28.65,-26.62,36.17958144436331,nan,nan,-23.29,48.96494148607946,-3.28,-22.19,2156.4744658753443,9843.932448716892,1599.8511747072414,0.00,1862.7709775772994,2974.8499894607908,9578.678796994493,3223.4828686780347,4409.629707834619,2036.0292179581595,156.1541120501779,1719.7924981132767,7986.414917557668,5128.684922719201
2025-01-17,2025-01-17_12-56_block4_snake04_trial08,4,4,8,A,206.3696105886371,135.61234251074987,79.29991468884624,15.717162729640668,27.287354329940072,16.694521754268386,161.38204460716355,nan,20.29394316237098,47.56416448969986,-46.69,-28.62,30.00511642299498,-36.40,nan,-0.64,51.10,-45.69,-17.32,21.55808412304096,nan,nan,-1.47,2501.4516203291264,4115.823382342067,3462.4360852435957,6643.35,4592.845458102908,4359.945773176987,0.00,2459.145012617673,2870.144715868991,2148.1483742187133,2840.7640970944194,1480.2200644441812,18.98520414530849,0.00
2025-01-17,2025-01-17_14-09_block6_snake14_trial01,14,6,1,B,322.58588337462163,150.54437034059202,15.164838230348813,8.602605983771895,nan,54.82629970645946,39.034069109482296,nan,81.69343789773347,41.022392295183025,28.430097330647822,nan,-4.26,-11.15,nan,43.07101638910125,39.227412889205056,17.784249950730278,nan,-15.12,nan,nan,45.03581392161362,11037.035245743939,6932.3114282821825,1003.4242426289496,0.00,5788.766967776358,14148.86852014854,12.615775588489052,9445.688240195976,5569.719170787162,4547.658900643111,388.69963516788044,4452.831976192822,26.742328693044712,0.00
2025-01-17,2025-01-17_14-14_block6_snake14_trial03,14,6,3,A,216.8180066927203,240.81151055486484,9.665493011973588,13.067661795129668,nan,41.56501677508941,9.473699965513113,10.949933410785835,9.078038746568183,-11.95,37.14017061167673,nan,-41.84,13.219650677317835,27.408197027657856,45.01424132250469,-12.17,45.028421120210275,nan,-37.71,12.845019768174964,nan,47.75,1785.8845334340558,2423.909956926159,1254.4236266835976,0.00,2517.9752843718757,3301.3592201059473,2068.997410702415,10774.814686833852,2909.024844833025,3847.4259869376497,10720.18893913729,19020.79780125838,3883.7607926845935,0.00
2025-01-17,2025-01-17_14-17_block6_snake14_trial04,14,6,4,A,161.61724629037434,82.62413566525383,7.797859730736751,39.63043495076347,nan,102.14522410284313,58.164725538082735,nan,23.647133305799198,41.18872075859902,-4.56,nan,-3.16,36.86165617320967,nan,-16.07,39.87492013196335,-27.18,nan,-17.84,32.184003757435754,nan,-26.49,3153.1927997951457,3492.5148618275894,5716.5552142064225,0.00,11636.946893324923,11675.763476708757,8.234699087977285,3861.269704949541,2261.83,5594.013593953576,0.00,3477.9772393422973,2520.6331405255705,0.00
2025-01-17,2025-01-17_14-24_block6_snake14_trial06,14,6,6,B,222.32,178.45833074262055,12.920356112700652,35.281839241714124,nan,17.56442011524416,39.283497404934025,nan,103.41455633845871,21.222554605181916,-0.78,nan,-45.84,16.62596879605791,nan,20.236403740461316,24.76473889996888,-15.42,nan,-46.02,nan,nan,17.81916119304194,4038.0843491984224,1700.6138064978468,2853.0610429689737,713.2416124846949,7808.3966989186565,4702.425889144326,0.00,7842.175952283635,2651.876298885809,2008.5711698033201,2595.543136648112,2325.56,0.00,0.00
2025-01-17,2025-01-17_14-29_block6_snake14_trial07,14,6,7,A,247.60494082460843,204.86316651974965,21.18073826617328,nan,nan,24.63995869995019,20.43859677967159,82.45007709432407,15.398131871615444,-13.96,nan,nan,-29.88,25.72186832257103,49.974290019203956,45.89543893642857,-20.56,nan,nan,-38.99,36.15393264959563,nan,47.17530529263806,10475.364308929275,4414.7924033416875,264.6471018506881,0.00,3710.827326961867,21678.536215012402,3970.2202490689706,9202.597983153128,5356.566979328346,4140.382364577345,3429.0413995769923,3977.457464738584,4991.005435559639,0.00
2025-01-17,2025-01-17_15-02_block7_snake09_trial04,9,7,4,A,197.41328439311323,165.70,22.51948552180988,nan,nan,13.750015560428997,14.515940902748863,14.342212606869525,14.40898981035204,42.88904425042502,nan,nan,-39.55,33.57767719639416,-9.57,51.27573369169988,38.969419904400645,nan,nan,-44.25,36.042171203912716,-7.67,52.50596233889396,3992.0028418065963,2379.835968569381,0.00,0.00,2095.5656451039176,1508.713704232477,1599.1389099224436,4524.23,3414.118510637901,445.47,0.00,2750.4025795986395,2721.662544232284,2577.5119955863374
2025-01-17,2025-01-17_15-33_block7_snake09_trial06,9,7,6,B,245.02111703963544,176.22094046724044,12.880292843535411,nan,nan,8.147990704245172,19.79583721220192,26.083291672547173,31.314434858553152,-41.14,nan,nan,-25.38,11.27977695633859,39.097382851136565,22.709161146938925,-45.27,nan,nan,-26.16,3.5901691003264578,43.11340670386377,28.86048268357577,3838.7048990547123,1337.4004086400607,0.00,0.00,4275.261248428063,2679.1770526101886,5273.33,5829.92,4505.917547910266,0.00,0.00,8905.21,2902.902213827255,12058.253720057484
,,,,,,,,,,,,,,,,,,,,,,,,,,,,,,,,,,,,,,,,,,
,,,,,,,,,,,,,,,,,,,,,,,,,,,,,,,,,,,,,,,,,,
,,,,,,,,,,,,,,,,,,,,,,,,,,,,,,,,,,,,,,,,,,
,,,,,,,,,,,,,,,,,,,,,,,,,,,,,,,,,,,,,,,,,,
,,,,,,,,,,,,,,,,,,,,,,,,,,,,,,,,,,,,,,,,,,
,,,,,,,,,,,,,,,,,,,,,,,,,,,,,,,,,,,,,,,,,,
,,,,,,,,,,,,,,,,,,,,,,,,,,,,,,,,,,,,,,,,,,
,,,,,,,,,,,,,,,,,,,,,,,,,,,,,,,,,,,,,,,,,,
,,,,,,,,,,,,,,,,,,,,,,,,,,,,,,,,,,,,,,,,,,
,,,,,,,,,,,,,,,,,,,,,,,,,,,,,,,,,,,,,,,,,,
,,,,,,,,,,,,,,,,,,,,,,,,,,,,,,,,,,,,,,,,,,
,,,,,,,,,,,,,,,,,,,,,,,,,,,,,,,,,,,,,,,,,,
,,,,,,,,,,,,,,,,,,,,,,,,,,,,,,,,,,,,,,,,,,
,,,,,,,,,,,,,,,,,,,,,,,,,,,,,,,,,,,,,,,,,,
,,,,,,,,,,,,,,,,,,,,,,,,,,,,,,,,,,,,,,,,,,
,,,,,,,,,,,,,,,,,,,,,,,,,,,,,,,,,,,,,,,,,,
,,,,,,,,,,,,,,,,,,,,,,,,,,,,,,,,,,,,,,,,,,
,,,,,,,,,,,,,,,,,,,,,,,,,,,,,,,,,,,,,,,,,,
,,,,,,,,,,,,,,,,,,,,,,,,,,,,,,,,,,,,,,,,,,
,,,,,,,,,,,,,,,,,,,,,,,,,,,,,,,,,,,,,,,,,,
,,,,,,,,,,,,,,,,,,,,,,,,,,,,,,,,,,,,,,,,,,
,,,,,,,,,,,,,,,,,,,,,,,,,,,,,,,,,,,,,,,,,,
,,,,,,,,,,,,,,,,,,,,,,,,,,,,,,,,,,,,,,,,,,
,,,,,,,,,,,,,,,,,,,,,,,,,,,,,,,,,,,,,,,,,,
,,,,,,,,,,,,,,,,,,,,,,,,,,,,,,,,,,,,,,,,,,
,,,,,,,,,,,,,,,,,,,,,,,,,,,,,,,,,,,,,,,,,,
,,,,,,,,,,,,,,,,,,,,,,,,,,,,,,,,,,,,,,,,,,
,,,,,,,,,,,,,,,,,,,,,,,,,,,,,,,,,,,,,,,,,,
,,,,,,,,,,,,,,,,,,,,,,,,,,,,,,,,,,,,,,,,,,
,,,,,,,,,,,,,,,,,,,,,,,,,,,,,,,,,,,,,,,,,,
,,,,,,,,,,,,,,,,,,,,,,,,,,,,,,,,,,,,,,,,,,
,,,,,,,,,,,,,,,,,,,,,,,,,,,,,,,,,,,,,,,,,,